Conserved Position,Amino Acid
"(32, 'G')"
"(50, 'G')"
"(69, 'G')"
"(100, 'G')"
"(121, 'G')"
"(140, 'Y')"
"(144, 'G')"
"(170, 'E')"
"(183, 'G')"
"(229, 'Y')"
"(233, 'G')"
"(234, 'Y')"
"(261, 'E')"
"(262, 'G')"
"(315, 'G')"
"(355, 'G')"
"(361, 'D')"
"(365, 'R')"
"(367, 'E')"
"(387, 'R')"
"(392, 'G')"
"(419, 'E')"
"(423, 'G')"
"(447, 'N')"
"(450, 'G')"
"(452, 'G')"
"(475, 'P')"
"(589, 'G')"
"(646, 'P')"
"(654, 'G')"
"(655, 'G')"
"(660, 'R')"
"(661, 'G')"
"(720, 'P')"
"(737, 'F')"
"(739, 'D')"
"(770, 'G')"
"(778, 'P')"
"(803, 'F')"
"(806, 'G')"
